period,period_start,period_end,snapshots_used,snapshots_expected,has_gaps,dex,pool_name,pool_address,bucket,epoch,avg_liquidity_usd,total_volume_usd,liq_points,vol_points,tier,deprecated
2026-epoch-195,2026-07-29,2026-07-29,1,7,true,astroport,LUNA-ampLUNA,terra1cupwgntu082ypw2ztgtxfzcenexcu6ggp5zzunn3yzfwgrvdcclqgjrjqg,project,195,808226.80,13784.19,10,10,stable,false
2026-epoch-195,2026-07-29,2026-07-29,1,7,true,astroport,LUNA-USDC,terra1v3lqxl0eyte9x3nhdgcj8hwvjq76aupnnzz0yll8mxs5cckc29pqvg2scu,stable,195,323881.96,16606.08,10,10,stable,false
2026-epoch-195,2026-07-29,2026-07-29,1,7,true,astroport,USDC-EURe,terra1ys7edvw89krf47n4zsz4c4m9das7ppltjtfv2epw85thqpvl6hhqn55m6y,bluechip,195,254629.30,6325.59,10,10,stable,false
2026-epoch-195,2026-07-29,2026-07-29,1,7,true,astroport,LUNA-EURe,terra1vhxl8ggscmhae3muvwvs2vs8ppprzqf07xngcdp798fwnrcksjxszqfa8n,stable,195,221701.13,1813.79,10,10,stable,false
2026-epoch-195,2026-07-29,2026-07-29,1,7,true,astroport,USDC-USDT,terra1dnssvse0fqw4d4gqc8kvchfud5r6e8cr7w9cdpervhl2pgr2eecquujpg6,bluechip,195,212890.40,1576.61,10,10,stable,false
2026-epoch-195,2026-07-29,2026-07-29,1,7,true,astroport,PAXG-WBTC,terra1g55qjcptzqgdyqfgzu5mj8x82955rvlxy4c37z5t6ldgz7cz033q0xr2lx,single,195,131427.52,897.26,10,10,stable,false
2026-epoch-195,2026-07-29,2026-07-29,1,7,true,astroport,LUNA-WBTC,terra1mea829xtsnxwv4l9lhzs0tzpnyamjpz5y45a9tpp06jgdhjd48yqc4ales,bluechip,195,108498.96,993.56,10,10,stable,false
2026-epoch-195,2026-07-29,2026-07-29,1,7,true,astroport,USDC-SOLID,terra1fwjxdjpl98shj20l4swlen9hyu4lhvekrvqkqn393lzzghmsn2wqjdnvpu,project,195,92776.09,573.36,10,10,stable,false
2026-epoch-195,2026-07-29,2026-07-29,1,7,true,astroport,LUNA-CAPA,terra183wqgrwa2k0uvlz99j57c496gfuwgtaccrhv4stcjzv3ydacl9zq0hmf25,project,195,49445.27,132.07,10,10,stable,false
2026-epoch-195,2026-07-29,2026-07-29,1,7,true,astroport,LUNA-FUEL,terra10yfnsqn20rzlnlzkeva5255q27zp6ws9te9uuql9e0lacfcze7zsffjct5,project,195,46747.06,18.87,10,5,stable,false
2026-epoch-195,2026-07-29,2026-07-29,1,7,true,astroport,LUNA-ATOM,terra1j3d29y506cvtavdpakdzl6e0g2xcskvmmulsetcd0jfwrpr8eu9qfe0dmf,bluechip,195,33639.00,603.51,10,10,stable,false
2026-epoch-195,2026-07-29,2026-07-29,1,7,true,astroport,LUNA-ROAR,terra189v2ewgfx5wdhje6geefdtxefeemujplk8qw2wx3x5hdswn95l8qf4n2r0,project,195,29286.51,21.66,10,10,stable,false
2026-epoch-195,2026-07-29,2026-07-29,1,7,true,astroport,LUNA-INJ,terra10m23jmgtx0lvc6v5gffdmcutlmrgy9pnf8wun4mxft2xd3dnqdvsv392j5,bluechip,195,25258.26,770.98,10,10,stable,false
2026-epoch-195,2026-07-29,2026-07-29,1,7,true,astroport,LUNA-PAXG,terra1xgdyzzhs2v2ne3us2kyj5ry47fwc7uk44k035dyyygq42xechwwqlddmcr,bluechip,195,23611.96,239.22,10,10,stable,false
2026-epoch-195,2026-07-29,2026-07-29,1,7,true,astroport,LUNA-SOLID,terra1e45ctmel6t5m9vdgxv3zxh3ecflkfcd6mr42sluzrqnhveqmy3fss338s7,stable,195,20727.29,189.28,10,10,stable,false
2026-epoch-195,2026-07-29,2026-07-29,1,7,true,astroport,LUNA-arbLUNA,terra1p9lcjw8knxhtv2pyr9wa8e2ushjnjllljvsuu9cugv7trqynjzasz4x52j,single,195,19690.13,47.44,10,9,stable,false
2026-epoch-195,2026-07-29,2026-07-29,1,7,true,astroport,LUNA-USDT,terra1aategw0787y4fyunmwdvdqraxfc8jtxykyed2skx3p5fd3lkgkmsqry7pz,stable,195,19162.60,123.60,10,10,stable,false
2026-epoch-195,2026-07-29,2026-07-29,1,7,true,astroport,LUNA-ASTRO,terra1nwepezm3mghyxm7fjfhfr2d4jwqzndtncf9tclgunqfcwhe52mpq4sxaqr,project,195,7720.13,746.99,10,10,stable,false
2026-epoch-195,2026-07-29,2026-07-29,1,7,true,astroport,LUNA-arbLUNA,terra16nfwldn9j5xhry2y78gvm3x4vte8vu77zr3ctlan79w5f5aheawqnz7a4f,single,195,0.00,46.36,0,10,stable,false
2026-epoch-195,2026-07-29,2026-07-29,1,7,true,astroport,ATOM-dATOM,terra1a0h6vrzkztjystg8sd949qyrc6mw9gzxk2870cr2mukg53uzgvqs46qul9,single,195,6763.72,137.47,10,10,stable,false
2026-epoch-195,2026-07-29,2026-07-29,1,7,true,astroport,LUNA-stLUNA,terra1re0yj0j6e9v2szg7kp02ut6u8jjea586t6pnpq6628wl36fphtpqwt6l7p,project,195,5102.76,7.41,10,1,sparse-volume,false
2026-epoch-195,2026-07-29,2026-07-29,1,7,true,astroport,LUNA-bLUNA,terra1h32epkd72x7st0wk49z35qlpsxf26pw4ydacs8acq6uka7hgshmq7z7vl9,project,195,0.00,10.32,0,2,sparse-volume,false
2026-epoch-195,2026-07-29,2026-07-29,1,7,true,astroport,wstETH-WETH.axl,terra1yga5eepqnpg77gaj59uqfkm2qtllvpq642cmx5gj5lzjf5v88wzs2srzp7,single,195,0.00,0.08,0,1,sparse-volume,false
2026-epoch-195,2026-07-29,2026-07-29,1,7,true,astroport,LUNA-WBTC.axl,terra1afkvgc0mxfqakqlaqpxdgy58n79x4r239q3tucxmrsqvqk7ce3ksnctxfu,bluechip,195,0.00,1.72,0,6,stable,false
2026-epoch-194,2026-07-29,2026-07-29,1,7,true,astroport,LUNA-SWTH,terra1crlsemxx6yjpeq3am9dzccln0dykusm685ecxscuyny7u596elqqj6xd9z,project,194,0.00,9.23,0,7,stable,false
2026-epoch-195,2026-07-29,2026-07-29,1,7,true,astroport,ATOM-stATOM,terra1f9vmtntpjmkyhkxtlc49jcq6cv8rfz0kr06zv6efdtdgae4m9y9qlzm36t,single,195,0.00,1.67,0,1,sparse-volume,false
2026-epoch-195,2026-07-29,2026-07-29,1,7,true,astroport,WBTC.axl-WBTC.osmo,terra1mps5z5gt2c2akwcp86mq0zhw66kdugtc3selcyradtje0vp0z49sfrk8jx,single,195,359.58,1.35,10,4,sparse-volume,false
2026-epoch-195,2026-07-29,2026-07-29,1,7,true,astroport,LUNA-wBNB.axl,terra10clh64cpvjjen8f24qz2046d24s79w2ev2dyd9ke29wmqdqp4yjs3cyk0y,bluechip,195,0.00,0.25,0,1,sparse-volume,false
2026-epoch-195,2026-07-29,2026-07-29,1,7,true,astroport,SWTH-rSWTH,terra1rzw2egugtjhxz2x58z55kwldm96fzck8qsf9srf5v0uehf64a2asjsak68,single,,0.00,0.00,0,0,,false
2026-epoch-195,2026-07-29,2026-07-29,1,7,true,astroport,LUNA-wSOL.wh,terra16zzqwekwsqn4zlsyu4vhjr52ee2hdvppjcr8h22qznjadaazzdgsvd905d,bluechip,195,0.00,0.16,0,1,sparse-volume,false
2026-epoch-194,2026-07-29,2026-07-29,1,7,true,astroport,LUNA-wstETH,terra1u0sp5gaw9amfa8vsaaqvvjpqqdyz4eeslzdjsgaq40afctpx7f6s6augj2,bluechip,194,0.00,0.42,0,7,stable,false
2026-epoch-195,2026-07-29,2026-07-29,1,7,true,astroport,LUNA-WBTC,terra1p996av7ftzj973swd4yt2er2sn3v9y5j9qfxz67gatnrpf8lfgwsel8hcg,bluechip,195,0.00,0.31,0,4,sparse-volume,false
2026-epoch-195,2026-07-29,2026-07-29,1,7,true,astroport,LUNA-wBNB.wh,terra1v3xmc8nn8h8e7z55d80a72g4rgz6mrxyasxq089k8n6m40xldlksf2w5x8,bluechip,195,0.00,0.15,0,2,sparse-volume,false
2026-epoch-195,2026-07-29,2026-07-29,1,7,true,astroport,WHALE-ampWHALE,terra129hvq9mgqtye4kg0cfmv9z6sq5f7sgpmrspr72968xx20gx4t2rqvpue0z,single,,0.00,0.00,0,0,,false
2026-epoch-195,2026-07-29,2026-07-29,1,7,true,astroport,WHALE-bWHALE,terra18hhsyrjac6hud4tc9q05s8em35utm6jndswhw5v56lh5ld37ml6secl2rd,single,,0.00,0.00,0,0,,false
2026-epoch-195,2026-07-29,2026-07-29,1,7,true,astroport,LUNA-WHALE,terra1a6d0lcvfzyllulaaazzg5j70yn4m3e2t90shtlxsr3fwhcg34g2sgwfr75,project,,0.00,0.00,0,0,,false
