period,period_start,period_end,snapshots_used,snapshots_expected,has_gaps,dex,pool_name,pool_address,bucket,avg_tvl_usd,total_volume_usd,snapshot_count
6-day-avg,2026-07-23,2026-07-28,6,6,false,astroport,LUNA-ampLUNA,terra1cupwgntu082ypw2ztgtxfzcenexcu6ggp5zzunn3yzfwgrvdcclqgjrjqg,project,772832.17,92239.44,6
6-day-avg,2026-07-23,2026-07-28,6,6,false,astroport,LUNA-USDC,terra1v3lqxl0eyte9x3nhdgcj8hwvjq76aupnnzz0yll8mxs5cckc29pqvg2scu,stable,318754.17,107041.88,6
6-day-avg,2026-07-23,2026-07-28,6,6,false,astroport,USDC-EURe,terra1ys7edvw89krf47n4zsz4c4m9das7ppltjtfv2epw85thqpvl6hhqn55m6y,bluechip,252555.17,32981.41,6
6-day-avg,2026-07-23,2026-07-28,6,6,false,astroport,LUNA-EURe,terra1vhxl8ggscmhae3muvwvs2vs8ppprzqf07xngcdp798fwnrcksjxszqfa8n,stable,222523.83,14442.21,6
6-day-avg,2026-07-23,2026-07-28,6,6,false,astroport,USDC-USDT,terra1dnssvse0fqw4d4gqc8kvchfud5r6e8cr7w9cdpervhl2pgr2eecquujpg6,bluechip,208172.50,20238.90,6
6-day-avg,2026-07-23,2026-07-28,6,6,false,astroport,PAXG-WBTC,terra1g55qjcptzqgdyqfgzu5mj8x82955rvlxy4c37z5t6ldgz7cz033q0xr2lx,single,125769.83,2829.07,6
6-day-avg,2026-07-23,2026-07-28,6,6,false,astroport,LUNA-WBTC,terra1mea829xtsnxwv4l9lhzs0tzpnyamjpz5y45a9tpp06jgdhjd48yqc4ales,bluechip,53527.40,6199.75,12
6-day-avg,2026-07-23,2026-07-28,6,6,false,astroport,USDC-SOLID,terra1fwjxdjpl98shj20l4swlen9hyu4lhvekrvqkqn393lzzghmsn2wqjdnvpu,project,90414.62,3068.37,6
6-day-avg,2026-07-23,2026-07-28,6,6,false,astroport,LUNA-CAPA,terra183wqgrwa2k0uvlz99j57c496gfuwgtaccrhv4stcjzv3ydacl9zq0hmf25,project,47146.95,756.61,6
6-day-avg,2026-07-23,2026-07-28,6,6,false,astroport,LUNA-FUEL,terra10yfnsqn20rzlnlzkeva5255q27zp6ws9te9uuql9e0lacfcze7zsffjct5,project,44609.60,82.76,6
6-day-avg,2026-07-23,2026-07-28,6,6,false,astroport,LUNA-ATOM,terra1j3d29y506cvtavdpakdzl6e0g2xcskvmmulsetcd0jfwrpr8eu9qfe0dmf,bluechip,30850.38,2328.28,6
6-day-avg,2026-07-23,2026-07-28,6,6,false,astroport,LUNA-ROAR,terra189v2ewgfx5wdhje6geefdtxefeemujplk8qw2wx3x5hdswn95l8qf4n2r0,project,28042.28,151.79,6
6-day-avg,2026-07-23,2026-07-28,6,6,false,astroport,LUNA-INJ,terra10m23jmgtx0lvc6v5gffdmcutlmrgy9pnf8wun4mxft2xd3dnqdvsv392j5,bluechip,23736.77,3664.47,6
6-day-avg,2026-07-23,2026-07-28,6,6,false,astroport,LUNA-PAXG,terra1xgdyzzhs2v2ne3us2kyj5ry47fwc7uk44k035dyyygq42xechwwqlddmcr,bluechip,22344.67,1354.39,6
6-day-avg,2026-07-23,2026-07-28,6,6,false,astroport,LUNA-SOLID,terra1e45ctmel6t5m9vdgxv3zxh3ecflkfcd6mr42sluzrqnhveqmy3fss338s7,stable,20532.43,1302.49,6
6-day-avg,2026-07-23,2026-07-28,6,6,false,astroport,LUNA-USDT,terra1aategw0787y4fyunmwdvdqraxfc8jtxykyed2skx3p5fd3lkgkmsqry7pz,stable,15108.27,695.31,6
6-day-avg,2026-07-23,2026-07-28,6,6,false,astroport,LUNA-arbLUNA,terra1p9lcjw8knxhtv2pyr9wa8e2ushjnjllljvsuu9cugv7trqynjzasz4x52j,single,13329.55,829.14,12
6-day-avg,2026-07-23,2026-07-28,6,6,false,astroport,LUNA-ASTRO,terra1nwepezm3mghyxm7fjfhfr2d4jwqzndtncf9tclgunqfcwhe52mpq4sxaqr,project,8069.05,9226.64,6
6-day-avg,2026-07-23,2026-07-28,6,6,false,astroport,ATOM-dATOM,terra1a0h6vrzkztjystg8sd949qyrc6mw9gzxk2870cr2mukg53uzgvqs46qul9,single,6077.48,656.27,6
6-day-avg,2026-07-23,2026-07-28,6,6,false,astroport,LUNA-stLUNA,terra1re0yj0j6e9v2szg7kp02ut6u8jjea586t6pnpq6628wl36fphtpqwt6l7p,project,4936.07,44.47,6
6-day-avg,2026-07-23,2026-07-28,6,6,false,astroport,LUNA-bLUNA,terra1h32epkd72x7st0wk49z35qlpsxf26pw4ydacs8acq6uka7hgshmq7z7vl9,project,4773.48,71.17,6
6-day-avg,2026-07-23,2026-07-28,6,6,false,astroport,wstETH-WETH.axl,terra1yga5eepqnpg77gaj59uqfkm2qtllvpq642cmx5gj5lzjf5v88wzs2srzp7,single,809.08,104.45,6
6-day-avg,2026-07-23,2026-07-28,6,6,false,astroport,LUNA-WBTC.axl,terra1afkvgc0mxfqakqlaqpxdgy58n79x4r239q3tucxmrsqvqk7ce3ksnctxfu,bluechip,542.26,17.65,6
6-day-avg,2026-07-23,2026-07-28,6,6,false,astroport,LUNA-SWTH,terra1crlsemxx6yjpeq3am9dzccln0dykusm685ecxscuyny7u596elqqj6xd9z,project,466.13,19.96,6
6-day-avg,2026-07-23,2026-07-28,6,6,false,astroport,ATOM-stATOM,terra1f9vmtntpjmkyhkxtlc49jcq6cv8rfz0kr06zv6efdtdgae4m9y9qlzm36t,single,433.01,0.00,6
6-day-avg,2026-07-23,2026-07-28,6,6,false,astroport,LUNA-wBNB.axl,terra10clh64cpvjjen8f24qz2046d24s79w2ev2dyd9ke29wmqdqp4yjs3cyk0y,bluechip,357.77,1.48,6
6-day-avg,2026-07-23,2026-07-28,6,6,false,astroport,WBTC.axl-WBTC.osmo,terra1mps5z5gt2c2akwcp86mq0zhw66kdugtc3selcyradtje0vp0z49sfrk8jx,single,362.90,9.57,6
6-day-avg,2026-07-23,2026-07-28,6,6,false,astroport,SWTH-rSWTH,terra1rzw2egugtjhxz2x58z55kwldm96fzck8qsf9srf5v0uehf64a2asjsak68,single,235.43,0.00,6
6-day-avg,2026-07-23,2026-07-28,6,6,false,astroport,LUNA-wSOL.wh,terra16zzqwekwsqn4zlsyu4vhjr52ee2hdvppjcr8h22qznjadaazzdgsvd905d,bluechip,71.83,0.00,6
6-day-avg,2026-07-23,2026-07-28,6,6,false,astroport,LUNA-wstETH,terra1u0sp5gaw9amfa8vsaaqvvjpqqdyz4eeslzdjsgaq40afctpx7f6s6augj2,bluechip,37.83,5.44,6
6-day-avg,2026-07-23,2026-07-28,6,6,false,astroport,LUNA-wBNB.wh,terra1v3xmc8nn8h8e7z55d80a72g4rgz6mrxyasxq089k8n6m40xldlksf2w5x8,bluechip,23.28,0.90,6
6-day-avg,2026-07-23,2026-07-28,6,6,false,astroport,WHALE-ampWHALE,terra129hvq9mgqtye4kg0cfmv9z6sq5f7sgpmrspr72968xx20gx4t2rqvpue0z,single,5.23,0.00,6
6-day-avg,2026-07-23,2026-07-28,6,6,false,astroport,WHALE-bWHALE,terra18hhsyrjac6hud4tc9q05s8em35utm6jndswhw5v56lh5ld37ml6secl2rd,single,5.15,0.00,6
6-day-avg,2026-07-23,2026-07-28,6,6,false,astroport,LUNA-WHALE,terra1a6d0lcvfzyllulaaazzg5j70yn4m3e2t90shtlxsr3fwhcg34g2sgwfr75,project,3.00,0.00,6
